index,BCODE,Basin_Name,start_date,end_date,time_duration,basin_count,over_one_thousand,file_name,finished
0,LKPP,Lake Prespa,2008-06-30,2008-09-30,,,,,
1,LKPP,Lake Prespa,2008-10-01,2008-12-31,,,,,
2,LKPP,Lake Prespa,2009-01-01,2009-03-31,,,,,
3,LKPP,Lake Prespa,2009-04-01,2009-06-30,,,,,
4,LKPP,Lake Prespa,2009-07-01,2009-09-30,,,,,
5,LKPP,Lake Prespa,2009-10-01,2009-12-31,,,,,
6,LKPP,Lake Prespa,2010-01-01,2010-03-31,,,,,
7,LKPP,Lake Prespa,2010-04-01,2010-06-30,,,,,
8,LKPP,Lake Prespa,2010-07-01,2010-09-30,,,,,
9,LKPP,Lake Prespa,2010-10-01,2010-12-31,,,,,
10,LKPP,Lake Prespa,2011-01-01,2011-03-31,,,,,
11,LKPP,Lake Prespa,2011-04-01,2011-06-30,,,,,
12,LKPP,Lake Prespa,2011-07-01,2011-09-30,,,,,
13,LKPP,Lake Prespa,2011-10-01,2011-12-31,,,,,
14,LKPP,Lake Prespa,2012-01-01,2012-03-31,,,,,
15,LKPP,Lake Prespa,2012-04-01,2012-06-30,,,,,
16,LKPP,Lake Prespa,2012-07-01,2012-07-31,,,,,
17,LKPP,Lake Prespa,2012-08-01,2012-08-31,,,,,
18,LKPP,Lake Prespa,2012-09-01,2012-09-30,,,,,
19,LKPP,Lake Prespa,2012-10-01,2012-10-31,,,,,
20,LKPP,Lake Prespa,2012-11-01,2012-11-30,,,,,
21,LKPP,Lake Prespa,2012-12-01,2012-12-31,,,,,
22,LKPP,Lake Prespa,2013-01-01,2013-01-31,,,,,
23,LKPP,Lake Prespa,2013-02-01,2013-02-28,,,,,
24,LKPP,Lake Prespa,2013-03-01,2013-03-31,,,,,
25,LKPP,Lake Prespa,2013-04-01,2013-04-30,,,,,
26,LKPP,Lake Prespa,2013-05-01,2013-05-31,,,,,
27,LKPP,Lake Prespa,2013-06-01,2013-06-30,,,,,
28,LKPP,Lake Prespa,2013-07-01,2013-07-31,,,,,
29,LKPP,Lake Prespa,2013-08-01,2013-08-31,,,,,
30,LKPP,Lake Prespa,2013-09-01,2013-09-30,,,,,
31,LKPP,Lake Prespa,2013-10-01,2013-10-31,,,,,
32,LKPP,Lake Prespa,2013-11-01,2013-11-30,,,,,
33,LKPP,Lake Prespa,2013-12-01,2013-12-31,,,,,
34,LKPP,Lake Prespa,2014-01-01,2014-01-31,,,,,
35,LKPP,Lake Prespa,2014-02-01,2014-02-28,,,,,
36,LKPP,Lake Prespa,2014-03-01,2014-03-31,,,,,
37,LKPP,Lake Prespa,2014-04-01,2014-04-30,,,,,
38,LKPP,Lake Prespa,2014-05-01,2014-05-31,,,,,
39,LKPP,Lake Prespa,2014-06-01,2014-06-30,,,,,
40,LKPP,Lake Prespa,2014-07-01,2014-07-31,,,,,
41,LKPP,Lake Prespa,2014-08-01,2014-08-31,,,,,
42,LKPP,Lake Prespa,2014-09-01,2014-09-30,,,,,
43,LKPP,Lake Prespa,2014-10-01,2014-10-31,,,,,
44,LKPP,Lake Prespa,2014-11-01,2014-11-30,,,,,
45,LKPP,Lake Prespa,2014-12-01,2014-12-31,,,,,
46,LKPP,Lake Prespa,2015-01-01,2015-01-31,,,,,
47,LKPP,Lake Prespa,2015-02-01,2015-02-28,,,,,
48,LKPP,Lake Prespa,2015-03-01,2015-03-31,,,,,
49,LKPP,Lake Prespa,2015-04-01,2015-04-30,,,,,
50,LKPP,Lake Prespa,2015-05-01,2015-05-31,,,,,
51,LKPP,Lake Prespa,2015-06-01,2015-06-30,,,,,
52,LKPP,Lake Prespa,2015-07-01,2015-07-31,,,,,
53,LKPP,Lake Prespa,2015-08-01,2015-08-31,,,,,
54,LKPP,Lake Prespa,2015-09-01,2015-09-30,,,,,
55,LKPP,Lake Prespa,2015-10-01,2015-10-31,,,,,
56,LKPP,Lake Prespa,2015-11-01,2015-11-30,,,,,
57,LKPP,Lake Prespa,2015-12-01,2015-12-31,,,,,
58,LKPP,Lake Prespa,2016-01-01,2016-01-31,,,,,
59,LKPP,Lake Prespa,2016-02-01,2016-02-29,,,,,
60,LKPP,Lake Prespa,2016-03-01,2016-03-31,,,,,
61,LKPP,Lake Prespa,2016-04-01,2016-04-30,,,,,
62,LKPP,Lake Prespa,2016-05-01,2016-05-31,,,,,
63,LKPP,Lake Prespa,2016-06-01,2016-06-30,,,,,
64,LKPP,Lake Prespa,2016-07-01,2016-07-31,,,,,
65,LKPP,Lake Prespa,2016-08-01,2016-08-31,,,,,
66,LKPP,Lake Prespa,2016-09-01,2016-09-30,,,,,
67,LKPP,Lake Prespa,2016-10-01,2016-10-31,,,,,
68,LKPP,Lake Prespa,2016-11-01,2016-11-30,,,,,
69,LKPP,Lake Prespa,2016-12-01,2016-12-31,,,,,
70,LKPP,Lake Prespa,2017-01-01,2017-01-31,,,,,
71,LKPP,Lake Prespa,2017-02-01,2017-02-28,,,,,
72,LKPP,Lake Prespa,2017-03-01,2017-03-31,,,,,
73,LKPP,Lake Prespa,2017-04-01,2017-04-30,,,,,
74,LKPP,Lake Prespa,2017-05-01,2017-05-31,,,,,
75,LKPP,Lake Prespa,2017-06-01,2017-06-30,,,,,
76,LKPP,Lake Prespa,2017-07-01,2017-07-31,,,,,
77,LKPP,Lake Prespa,2017-08-01,2017-08-31,,,,,
78,LKPP,Lake Prespa,2017-09-01,2017-09-30,,,,,
79,LKPP,Lake Prespa,2017-10-01,2017-10-31,,,,,
80,LKPP,Lake Prespa,2017-11-01,2017-11-30,,,,,
81,LKPP,Lake Prespa,2017-12-01,2017-12-31,,,,,
82,LKPP,Lake Prespa,2018-01-01,2018-01-31,,,,,
83,LKPP,Lake Prespa,2018-02-01,2018-02-28,,,,,
84,LKPP,Lake Prespa,2018-03-01,2018-03-31,,,,,
85,LKPP,Lake Prespa,2018-04-01,2018-04-30,,,,,
86,LKPP,Lake Prespa,2018-05-01,2018-05-31,,,,,
87,LKPP,Lake Prespa,2018-06-01,2018-06-30,,,,,
88,LKPP,Lake Prespa,2018-07-01,2018-07-31,,,,,
89,LKPP,Lake Prespa,2018-08-01,2018-08-31,,,,,
90,LKPP,Lake Prespa,2018-09-01,2018-09-30,,,,,
91,LKPP,Lake Prespa,2018-10-01,2018-10-31,,,,,
92,LKPP,Lake Prespa,2018-11-01,2018-11-30,,,,,
93,LKPP,Lake Prespa,2018-12-01,2018-12-31,,,,,
94,LKPP,Lake Prespa,2019-01-01,2019-01-31,,,,,
95,LKPP,Lake Prespa,2019-02-01,2019-02-28,,,,,
96,LKPP,Lake Prespa,2019-03-01,2019-03-31,,,,,
97,LKPP,Lake Prespa,2019-04-01,2019-04-30,,,,,
98,LKPP,Lake Prespa,2019-05-01,2019-05-31,,,,,
99,LKPP,Lake Prespa,2019-06-01,2019-06-30,,,,,
100,LKPP,Lake Prespa,2019-07-01,2019-07-31,,,,,
101,LKPP,Lake Prespa,2019-08-01,2019-08-31,,,,,
102,LKPP,Lake Prespa,2019-09-01,2019-09-30,,,,,
103,LKPP,Lake Prespa,2019-10-01,2019-10-31,,,,,
104,LKPP,Lake Prespa,2019-11-01,2019-11-30,,,,,
105,LKPP,Lake Prespa,2019-12-01,2019-12-31,,,,,
106,LKPP,Lake Prespa,2020-01-01,2020-01-31,,,,,
107,LKPP,Lake Prespa,2020-02-01,2020-02-29,,,,,
108,LKPP,Lake Prespa,2020-03-01,2020-03-31,,,,,
109,LKPP,Lake Prespa,2020-04-01,2020-04-30,,,,,
110,LKPP,Lake Prespa,2020-05-01,2020-05-31,,,,,
111,LKPP,Lake Prespa,2020-06-01,2020-06-30,,,,,
112,LKPP,Lake Prespa,2020-07-01,2020-07-31,,,,,
113,LKPP,Lake Prespa,2020-08-01,2020-08-31,,,,,
114,LKPP,Lake Prespa,2020-09-01,2020-09-30,,,,,
115,LKPP,Lake Prespa,2020-10-01,2020-10-31,,,,,
116,LKPP,Lake Prespa,2020-11-01,2020-11-30,,,,,
117,LKPP,Lake Prespa,2020-12-01,2020-12-31,,,,,
118,LKPP,Lake Prespa,2021-01-01,2021-01-31,,,,,
119,LKPP,Lake Prespa,2021-02-01,2021-02-28,,,,,
120,LKPP,Lake Prespa,2021-03-01,2021-03-31,,,,,
121,LKPP,Lake Prespa,2021-04-01,2021-04-30,,,,,
122,LKPP,Lake Prespa,2021-05-01,2021-05-31,,,,,
123,LKPP,Lake Prespa,2021-06-01,2021-06-30,,,,,
124,LKPP,Lake Prespa,2021-07-01,2021-07-31,,,,,
125,LKPP,Lake Prespa,2021-08-01,2021-08-31,,,,,
126,LKPP,Lake Prespa,2021-09-01,2021-09-30,,,,,
127,LKPP,Lake Prespa,2021-10-01,2021-10-31,,,,,
128,LKPP,Lake Prespa,2021-11-01,2021-11-30,,,,,
129,LKPP,Lake Prespa,2021-12-01,2021-12-31,,,,,
130,LKPP,Lake Prespa,2022-01-01,2022-01-31,,,,,
131,LKPP,Lake Prespa,2022-02-01,2022-02-28,,,,,
132,LKPP,Lake Prespa,2022-03-01,2022-03-31,,,,,
133,LKPP,Lake Prespa,2022-04-01,2022-04-30,,,,,
134,LKPP,Lake Prespa,2022-05-01,2022-05-31,,,,,
135,LKPP,Lake Prespa,2022-06-01,2022-06-30,,,,,
136,LKPP,Lake Prespa,2022-07-01,2022-07-31,,,,,
137,LKPP,Lake Prespa,2022-08-01,2022-08-31,,,,,
138,LKPP,Lake Prespa,2022-09-01,2022-09-30,,,,,
139,LKPP,Lake Prespa,2022-10-01,2022-10-31,,,,,
140,LKPP,Lake Prespa,2022-11-01,2022-11-30,,,,,
141,LKPP,Lake Prespa,2022-12-01,2022-12-31,,,,,
142,LKPP,Lake Prespa,2023-01-01,2023-01-31,,,,,
143,LKPP,Lake Prespa,2023-02-01,2023-02-28,,,,,
144,LKPP,Lake Prespa,2023-03-01,2023-03-31,,,,,
145,LKPP,Lake Prespa,2023-04-01,2023-04-30,,,,,
146,LKPP,Lake Prespa,2023-05-01,2023-05-31,,,,,
147,LKPP,Lake Prespa,2023-06-01,2023-06-30,,,,,
148,LKPP,Lake Prespa,2023-07-01,2023-07-31,,,,,
149,LKPP,Lake Prespa,2023-08-01,2023-08-31,,,,,
150,LKPP,Lake Prespa,2023-09-01,2023-09-30,,,,,
151,LKPP,Lake Prespa,2023-10-01,2023-10-31,,,,,
152,LKPP,Lake Prespa,2023-11-01,2023-11-30,,,,,
153,LKPP,Lake Prespa,2023-12-01,2023-12-31,,,,,
154,LKPP,Lake Prespa,2024-01-01,2024-01-31,,,,,
155,LKPP,Lake Prespa,2024-02-01,2024-02-29,,,,,
156,LKPP,Lake Prespa,2024-03-01,2024-03-15,,,,,
